supplier_id,supplier_name,paid,company_number,company_name,why,reviewed,note
elliot-leigh-property-management-ltd,Elliot Leigh Property Management Ltd,3534843,10984965,ELLIOT LEIGH PROPERTY MANAGEMENT LIMITED,"same name, but formed 2017-09-27, after the first payment (2015-05); 52% of the money was paid after",reject,"formed after the council first paid this name, so earlier payments may have gone to another company"
r-e-a-c-h-ltd,R.E.A.C.H. Ltd,1606955,16887333,REACH+ LTD,"same name, but formed 2025-12-02, after the first payment (2015-04); 20% of the money was paid after",reject,"formed after the council first paid this name, so earlier payments may have gone to another company"
gold-care-homes-ltd,Gold Care Homes Ltd,1227146,15369824,GOLDCARE HOMES LIMITED,"same name, but formed 2023-12-25, after the first payment (2015-04); 85% of the money was paid after",reject,"formed after the council first paid this name, so earlier payments may have gone to another company"
british-telecommunications-plc,British Telecommunications Plc,1162000,01800000,BRITISH TELECOMMUNICATIONS LIMITED,same name without its suffix,checked,"company 01800000 is BT, re-registered as a limited company; same company re-registered between plc and limited; it existed before the first payment and no other live company has the name"
carers-network-westminster-ltd,Carers Network Westminster Ltd,732025,04712756,CARERS NETWORK WESTMINSTER,same name without its suffix,checked,"same organisation: a company limited by guarantee (or society, or CIO) whose registered name has, or lacks, 'Limited'"
irish-life-assurance-plc-uk,Irish Life Assurance Plc UK,650000,AC001690,IRISH LIFE ASSURANCE PLC,same name without its suffix,checked,"the UK registration of Irish Life Assurance plc; same organisation: only the suffix differs, the company existed before the first payment and no other live company has the name"
age-concern,Age Concern,642633,05425966,AGE CONCERN LIMITED,same name without its suffix,reject,"the council's name is generic; likely a local Age Concern, not this private company"
edf-energy-customers-plc,EDF Energy Customers PLC,500777,02228297,EDF ENERGY CUSTOMERS LIMITED,same name without its suffix,checked,same company re-registered between plc and limited; it existed before the first payment and no other live company has the name
centrepoint-soho-ltd,Centrepoint Soho Ltd,310105,01929421,CENTREPOINT SOHO,same name without its suffix,checked,"Centrepoint, the youth homelessness charity, is registered as CENTREPOINT SOHO; same organisation: a company limited by guarantee (or society, or CIO) whose registered name has, or lacks, 'Limited'"
shepherds-bush-housing-association,Shepherds Bush Housing Association,218184,IP16442R,SHEPHERDS BUSH HOUSING ASSOCIATION LIMITED,same name without its suffix,checked,"same organisation: a company limited by guarantee (or society, or CIO) whose registered name has, or lacks, 'Limited'"
mytime-active-ltd,Mytime Active Ltd,195089,04809606,MYTIME ACTIVE,same name without its suffix,checked,"same organisation: a company limited by guarantee (or society, or CIO) whose registered name has, or lacks, 'Limited'"
pathway-to-independence-support-services-ltd,Pathway To Independence Support Services Ltd,115892,09776692,PATHWAY TO INDEPENDENCE SUPPORT SERVICES LTD,"same name, but formed 2015-09-14, after the first payment (2015-06); 77% of the money was paid after",reject,"formed after the council first paid this name, so earlier payments may have gone to another company"
chigwell-london-ltd,Chigwell (London) Ltd,114025,09812304,CHIGWELL (LONDON) PLC,same name without its suffix,reject,"the register shows this company was called Tanners Lane Developments Ltd until 2020, so it is not the 2017 supplier"
peabody-trust,Peabody Trust,106630,RS007741,PEABODY TRUST,"same name, but formed 2018-03-29, after the first payment (2015-07); 90% of the money was paid after",reject,"formed after the council first paid this name, so earlier payments may have gone to another company"
royal-mail-group-plc,Royal Mail Group Plc,95725,04138203,ROYAL MAIL GROUP LIMITED,same name without its suffix,checked,same company re-registered between plc and limited; it existed before the first payment and no other live company has the name
norbury-hall-residential-care-home-ltd,Norbury Hall Residential Care Home Ltd,93651,FC024253,NORBURY HALL RESIDENTIAL CARE HOME LIMITED,same name without its suffix,checked,"registered as an overseas company in the UK; same organisation: only the suffix differs, the company existed before the first payment and no other live company has the name"
kingston-garden-services-ltd,Kingston Garden Services Ltd,80174,10012488,KINGSTON GARDEN SERVICES LIMITED,"same name, but formed 2016-02-18, after the first payment (2015-06); 83% of the money was paid after",reject,"formed after the council first paid this name, so earlier payments may have gone to another company"
centrepoint-soho-ltd-rent,Centrepoint Soho Ltd (Rent),75735,01929421,CENTREPOINT SOHO,same name without its suffix,checked,"Centrepoint, the youth homelessness charity, is registered as CENTREPOINT SOHO; same organisation: a company limited by guarantee (or society, or CIO) whose registered name has, or lacks, 'Limited'"
firestone-properties-ltd,Firestone Properties Ltd,58375,OC437348,FIRESTONE PROPERTIES LLP,same name without its suffix,reject,"the council names a Ltd; the register has only an LLP of that name, formed in 2021"
blink-dance-theatre-cic,Blink Dance Theatre CIC,58205,CE036566,BLINK DANCE THEATRE CIO,"same name without its suffix, but formed 2024-06-26, after the first payment (2024-04)",reject,"the council names a CIC; the register has a CIO formed in June 2024, after the first payment"
childcare-corporation-plc,Childcare Corporation Plc,51280,04125844,THE CHILDCARE CORPORATION LIMITED,same name without its suffix,reject,"the register company was The Childcare Corporation 4 PLC, one of a numbered series; not certain"
total-hygiene-ltd,Total Hygiene Limited,50051,16146593,TOTAL HYGIENE LIMITED,"same name, but formed 2024-12-20, after the first payment (2015-07); 41% of the money was paid after",reject,"formed after the council first paid this name, so earlier payments may have gone to another company"
exora-medical-ltd,Exora Medical Limited,40993,14095675,EXORA MEDICAL LIMITED,"same name, but formed 2022-05-09, after the first payment (2015-05); 62% of the money was paid after",reject,"formed after the council first paid this name, so earlier payments may have gone to another company"
west-london-chambers-of-commerce-ltd,West London Chambers of Commerce Ltd,20500,07990797,WEST LONDON CHAMBERS OF COMMERCE,same name without its suffix,checked,"it dropped 'Limited' from its name in 2023, before the first payment in 2024; same organisation: a company limited by guarantee (or society, or CIO) whose registered name has, or lacks, 'Limited'"
angel-human-resources-plc,Angel Human Resources Plc,14313,01848414,ANGEL HUMAN RESOURCES LIMITED,same name without its suffix,checked,same company re-registered between plc and limited; it existed before the first payment and no other live company has the name
proquest-llc,Proquest Llc,12648,03037526,PROQUEST LIMITED,same name without its suffix,reject,the council paid a US LLC; PROQUEST LIMITED is a separate UK company
bt-plc,Bt Plc,10306,02216369,BT LIMITED,same name without its suffix,reject,BT LIMITED is not British Telecommunications plc; the council most likely meant BT itself
new-london-architecture-ltd,New London Architecture Limited,9700,16491436,NEW LONDON ARCHITECTURE LIMITED,"same name, but formed 2025-06-03, after the first payment (2024-07); 51% of the money was paid after",reject,"formed after the council first paid this name, so earlier payments may have gone to another company"
alexander-shaw-llp,Alexander Shaw LLP,9560,07417177,ALEXANDER SHAW LIMITED,same name without its suffix,reject,the council names an LLP; the register has a limited company
irrv-services-ltd,Irrv Services Ltd,8207,11878188,IRRV SERVICES LTD,"same name, but formed 2019-03-13, after the first payment (2016-02); 66% of the money was paid after",reject,"formed after the council first paid this name, so earlier payments may have gone to another company"
sg-path-ltd,SG Path Ltd,7982,10206977,SG PATH LIMITED,"same name, but formed 2016-05-31, after the first payment (2015-08); 67% of the money was paid after",reject,"formed after the council first paid this name, so earlier payments may have gone to another company"
petalouda-consultancy-ltd,Petalouda Consultancy Ltd,5024,15658413,PETALOUDA CONSULTANCY LIMITED,"same name, but formed 2024-04-18, after the first payment (2024-02); 83% of the money was paid after",reject,"formed after the council first paid this name, so earlier payments may have gone to another company"
freight-transport-association,Freight Transport Association,3810,00391957,FREIGHT TRANSPORT ASSOCIATION LIMITED,same name without its suffix,checked,"same organisation: a company limited by guarantee (or society, or CIO) whose registered name has, or lacks, 'Limited'"
phs-group-plc-closed-use-either-3000302-3000450-or-3005420,"Phs Group Plc (CLOSED- Use either 3000302, 3000450 or 3005420)",3072,05384799,PHS GROUP LIMITED,same name without its suffix,checked,same company re-registered between plc and limited; it existed before the first payment and no other live company has the name
dishwashers-direct-ltd,Dishwashers Direct Ltd,2916,11582608,DISHWASHERS DIRECT LIMITED,"same name, but formed 2018-09-21, after the first payment (2015-12); 90% of the money was paid after",reject,"formed after the council first paid this name, so earlier payments may have gone to another company"
royal-mail-group-plc-please-use-3002036,Royal Mail Group Plc (Please Use 3002036),2761,04138203,ROYAL MAIL GROUP LIMITED,same name without its suffix,checked,same company re-registered between plc and limited; it existed before the first payment and no other live company has the name
polish-educational-society,Polish Educational Society,2500,CE002647,THE POLISH EDUCATIONAL SOCIETY,same name without its suffix,checked,"a CIO formed in January 2015, before the first payment; same organisation: a company limited by guarantee (or society, or CIO) whose registered name has, or lacks, 'Limited'"
southside-partnership-ltd,Southside Partnership Ltd,2500,02599171,SOUTHSIDE PARTNERSHIP,same name without its suffix,checked,"same organisation: a company limited by guarantee (or society, or CIO) whose registered name has, or lacks, 'Limited'"
institute-of-economic-development-ltd,Institute of Economic Development Ltd,2062,01748926,INSTITUTE OF ECONOMIC DEVELOPMENT,same name without its suffix,checked,"same organisation: a company limited by guarantee (or society, or CIO) whose registered name has, or lacks, 'Limited'"
mtn-homecare-ltd,MTN Homecare Limited,1790,10399896,THE CLEANLINESS COMPANY MTN LIMITED,"same name, but formed 2016-09-28, after the first payment (2015-10); 20% of the money was paid after",reject,"formed after the council first paid this name, so earlier payments may have gone to another company"
st-cloud-care-plc,St Cloud Care Plc,1521,02230827,ST. CLOUD CARE LIMITED,same name without its suffix,checked,same company re-registered between plc and limited; it existed before the first payment and no other live company has the name
thames-water-plc-please-use-3009647,Thames Water Plc (Please Use 3009647),1039,02366623,THAMES WATER LIMITED,same name without its suffix,reject,THAMES WATER LIMITED is the holding company; water bills come from Thames Water Utilities Limited
love-and-tate-plc,Love & Tate Plc,650,01859736,LOVE AND TATE LIMITED,same name without its suffix,checked,same company re-registered between plc and limited; it existed before the first payment and no other live company has the name
collins-construction-plc,Collins Construction Plc,500,00560487,COLLINS CONSTRUCTION LTD,same name without its suffix,checked,same company re-registered between plc and limited; it existed before the first payment and no other live company has the name
uk-locksmiths-association,UK LOCKSMITHS ASSOCIATION,100,05518655,UK LOCKSMITHS ASSOCIATION LIMITED,same name without its suffix,checked,"same organisation: a company limited by guarantee (or society, or CIO) whose registered name has, or lacks, 'Limited'"
