key,value,source_id,page,note
gap_m,31.4,cabinet_pack_2026-02-09,57,"Appendix B Table 2: Forecast Budget Gap 2027/28, after the council tax rise and savings the forecast already assumes"
gap_2028-29_m,57.3,cabinet_pack_2026-02-09,57,"Appendix B Table 2: Forecast Budget Gap 2028/29 (cumulative), assuming a 4.99% council tax rise in each year"
ct_assumed_pct,4.99,cabinet_pack_2026-02-09,57,Appendix B paragraph 27: the forecast assumes a Council Tax increase of 4.99% in each year
council_tax_m,98.2,cabinet_pack_2026-02-09,57,Appendix B Table 2: Council Tax resources 2027/28
planned_savings_m,8.0,cabinet_pack_2026-02-09,57,Appendix B Table 2: MTFS Savings 2027/28 already in the forecast
minimum_safe_m,19,budget_report,35,Paragraph 83: general balances have a medium-term optimal range of £19m to £23m; this is the bottom of the range
fees_income_m,80.5,cabinet_pack_2026-02-09,128,"Appendix I, 2026/27 subjective summary: Fees and Charges income (80.5)"
revised_gap_m,74.9,cabinet_mtfs_2026-10-12,10,"Table 4: Revised Budget Gap Before Savings, 2027/28. Not checked by a person yet; the report does not say whether it assumes a council tax rise"
revised_gap_2030-31_m,159.3,cabinet_mtfs_2026-10-12,10,"Table 4: Revised Budget Gap Before Savings, 2030/31 (cumulative). Not checked by a person yet"
