source_id,page,table,year,council,field,value,reviewed
dfc_rate_statistics_2026-27,1,1,2026-27,Belfast,amount_to_be_raised,227760695,yes
dfc_rate_statistics_2026-27,1,1,2026-27,Belfast,rates_support_grant,0,yes
dfc_rate_statistics_2026-27,1,1,2026-27,Belfast,balance_applied,0,yes
dfc_rate_statistics_2026-27,1,1,2026-27,Belfast,penny_product_total,6652130,yes
dfc_rate_statistics_2026-27,1,1,2026-27,Belfast,nondomestic_district_rate_p,34.2388,yes
dfc_rate_statistics_2026-27,1,1,2026-27,Belfast,conversion_factor,0.013119,yes
dfc_rate_statistics_2026-27,1,1,2026-27,Belfast,domestic_district_rate_p,0.4492,yes
dfc_rate_statistics_2026-27,2,2,2026-27,Belfast,penny_product_rateable,6436820,yes
dfc_rate_statistics_2026-27,2,2,2026-27,Belfast,penny_product_derated,215310,yes
dfc_rate_statistics_2026-27,2,2,2026-27,Belfast,penny_product_tfg,0,yes
dfc_rate_statistics_2026-27,2,2,2026-27,Belfast,derating_grant,7371956,yes
dfc_rate_statistics_2026-27,2,2,2026-27,Belfast,transferred_functions_grant,0,yes
dfc_rate_statistics_2026-27,2,2,2026-27,Belfast,district_rates_income,220388739,yes
dfc_rate_statistics_2026-27,3,3,2025-26,Belfast,amount_to_be_raised,220081480,yes
dfc_rate_statistics_2026-27,4,4,2025-26,Belfast,nondomestic_district_rate_p,32.7692,yes
dfc_rate_statistics_2026-27,4,4,2025-26,Belfast,domestic_district_rate_p,0.4299,yes
dfc_rate_statistics_2025-26,1,1,2025-26,Belfast,amount_to_be_raised,220081480,yes
dfc_rate_statistics_2025-26,1,1,2025-26,Belfast,rates_support_grant,0,yes
dfc_rate_statistics_2025-26,1,1,2025-26,Belfast,balance_applied,0,yes
dfc_rate_statistics_2025-26,1,1,2025-26,Belfast,penny_product_total,6716110,yes
dfc_rate_statistics_2025-26,1,1,2025-26,Belfast,nondomestic_district_rate_p,32.7692,yes
dfc_rate_statistics_2025-26,1,1,2025-26,Belfast,conversion_factor,0.013119,yes
dfc_rate_statistics_2025-26,1,1,2025-26,Belfast,domestic_district_rate_p,0.4299,yes
dfc_rate_statistics_2025-26,2,2,2025-26,Belfast,penny_product_rateable,6499550,yes
dfc_rate_statistics_2025-26,2,2,2025-26,Belfast,penny_product_derated,216560,yes
dfc_rate_statistics_2025-26,2,2,2025-26,Belfast,penny_product_tfg,0,yes
dfc_rate_statistics_2025-26,2,2,2025-26,Belfast,derating_grant,7096498,yes
dfc_rate_statistics_2025-26,2,2,2025-26,Belfast,transferred_functions_grant,0,yes
dfc_rate_statistics_2025-26,2,2,2025-26,Belfast,district_rates_income,212984982,yes
dfc_rate_statistics_2025-26,3,3,2024-25,Belfast,amount_to_be_raised,206052912,yes
dfc_rate_statistics_2025-26,4,4,2024-25,Belfast,nondomestic_district_rate_p,30.9162,yes
dfc_rate_statistics_2025-26,4,4,2024-25,Belfast,domestic_district_rate_p,0.4056,yes
dfc_rate_statistics_2024-25,1,1,2024-25,Belfast,amount_to_be_raised,206052912,yes
dfc_rate_statistics_2024-25,1,1,2024-25,Belfast,rates_support_grant,0,yes
dfc_rate_statistics_2024-25,1,1,2024-25,Belfast,balance_applied,0,yes
dfc_rate_statistics_2024-25,1,1,2024-25,Belfast,penny_product_total,6664880,yes
dfc_rate_statistics_2024-25,1,1,2024-25,Belfast,nondomestic_district_rate_p,30.9162,yes
dfc_rate_statistics_2024-25,1,1,2024-25,Belfast,conversion_factor,0.013119,yes
dfc_rate_statistics_2024-25,1,1,2024-25,Belfast,domestic_district_rate_p,0.4056,yes
dfc_rate_statistics_2024-25,2,2,2024-25,Belfast,penny_product_rateable,6453960,yes
dfc_rate_statistics_2024-25,2,2,2024-25,Belfast,penny_product_derated,210920,yes
dfc_rate_statistics_2024-25,2,2,2024-25,Belfast,penny_product_tfg,0,yes
dfc_rate_statistics_2024-25,2,2,2024-25,Belfast,derating_grant,6520845,yes
dfc_rate_statistics_2024-25,2,2,2024-25,Belfast,transferred_functions_grant,0,yes
dfc_rate_statistics_2024-25,2,2,2024-25,Belfast,district_rates_income,199532067,yes
dfc_rate_statistics_2024-25,3,3,2023-24,Belfast,amount_to_be_raised,193600657,yes
dfc_rate_statistics_2024-25,4,4,2023-24,Belfast,nondomestic_district_rate_p,29.3221,yes
dfc_rate_statistics_2024-25,4,4,2023-24,Belfast,domestic_district_rate_p,0.3847,yes
dfc_rate_statistics_2023-24,1,1,2023-24,Belfast,amount_to_be_raised,193600657,yes
dfc_rate_statistics_2023-24,1,1,2023-24,Belfast,rates_support_grant,0,yes
dfc_rate_statistics_2023-24,1,1,2023-24,Belfast,balance_applied,0,yes
dfc_rate_statistics_2023-24,1,1,2023-24,Belfast,penny_product_total,6602540,yes
dfc_rate_statistics_2023-24,1,1,2023-24,Belfast,nondomestic_district_rate_p,29.3221,yes
dfc_rate_statistics_2023-24,1,1,2023-24,Belfast,conversion_factor,0.013119,yes
dfc_rate_statistics_2023-24,1,1,2023-24,Belfast,domestic_district_rate_p,0.3847,yes
dfc_rate_statistics_2023-24,2,2,2023-24,Belfast,penny_product_rateable,6392490,yes
dfc_rate_statistics_2023-24,2,2,2023-24,Belfast,penny_product_derated,210050,yes
dfc_rate_statistics_2023-24,2,2,2023-24,Belfast,penny_product_tfg,0,yes
dfc_rate_statistics_2023-24,2,2,2023-24,Belfast,derating_grant,6159107,yes
dfc_rate_statistics_2023-24,2,2,2023-24,Belfast,transferred_functions_grant,0,yes
dfc_rate_statistics_2023-24,2,2,2023-24,Belfast,district_rates_income,187441550,yes
dfc_rate_statistics_2023-24,3,3,2022-23,Belfast,amount_to_be_raised,178932441,yes
dfc_rate_statistics_2023-24,4,4,2022-23,Belfast,nondomestic_district_rate_p,27.2045,yes
dfc_rate_statistics_2023-24,4,4,2022-23,Belfast,domestic_district_rate_p,0.3562,yes
