ward_code,ward_name,dea_code,dea_name,lgd_code,lgd_name
N08000101,Abbey (Antrim and Newtownabbey),N10000106,MACEDON,N09000001,Antrim and Newtownabbey
N08000102,Aldergrove,N10000101,AIRPORT,N09000001,Antrim and Newtownabbey
N08000103,Antrim Centre,N10000102,ANTRIM,N09000001,Antrim and Newtownabbey
N08000104,Ballyclare East,N10000103,BALLYCLARE,N09000001,Antrim and Newtownabbey
N08000105,Ballyclare West,N10000103,BALLYCLARE,N09000001,Antrim and Newtownabbey
N08000106,Ballyduff,N10000107,THREE MILE WATER,N09000001,Antrim and Newtownabbey
N08000107,Ballyhenry,N10000105,GLENGORMLEY URBAN,N09000001,Antrim and Newtownabbey
N08000108,Ballynure,N10000103,BALLYCLARE,N09000001,Antrim and Newtownabbey
N08000109,Ballyrobert,N10000103,BALLYCLARE,N09000001,Antrim and Newtownabbey
N08000110,Burnthill,N10000105,GLENGORMLEY URBAN,N09000001,Antrim and Newtownabbey
N08000111,Carnmoney,N10000105,GLENGORMLEY URBAN,N09000001,Antrim and Newtownabbey
N08000112,Carnmoney Hill,N10000106,MACEDON,N09000001,Antrim and Newtownabbey
N08000113,Clady,N10000101,AIRPORT,N09000001,Antrim and Newtownabbey
N08000114,Collinbridge,N10000105,GLENGORMLEY URBAN,N09000001,Antrim and Newtownabbey
N08000115,Cranfield,N10000104,DUNSILLY,N09000001,Antrim and Newtownabbey
N08000116,Crumlin,N10000101,AIRPORT,N09000001,Antrim and Newtownabbey
N08000117,Doagh,N10000103,BALLYCLARE,N09000001,Antrim and Newtownabbey
N08000118,Fairview,N10000107,THREE MILE WATER,N09000001,Antrim and Newtownabbey
N08000119,Fountain Hill,N10000102,ANTRIM,N09000001,Antrim and Newtownabbey
N08000120,Glebe (Antrim and Newtownabbey),N10000105,GLENGORMLEY URBAN,N09000001,Antrim and Newtownabbey
N08000121,Glengormley,N10000105,GLENGORMLEY URBAN,N09000001,Antrim and Newtownabbey
N08000122,Greystone (Antrim and Newtownabbey),N10000102,ANTRIM,N09000001,Antrim and Newtownabbey
N08000123,Hightown,N10000105,GLENGORMLEY URBAN,N09000001,Antrim and Newtownabbey
N08000124,Jordanstown,N10000107,THREE MILE WATER,N09000001,Antrim and Newtownabbey
N08000125,Mallusk,N10000101,AIRPORT,N09000001,Antrim and Newtownabbey
N08000126,Monkstown,N10000107,THREE MILE WATER,N09000001,Antrim and Newtownabbey
N08000127,Mossley,N10000107,THREE MILE WATER,N09000001,Antrim and Newtownabbey
N08000128,O'Neill,N10000106,MACEDON,N09000001,Antrim and Newtownabbey
N08000129,Parkgate,N10000104,DUNSILLY,N09000001,Antrim and Newtownabbey
N08000130,Randalstown,N10000104,DUNSILLY,N09000001,Antrim and Newtownabbey
N08000131,Rathcoole,N10000106,MACEDON,N09000001,Antrim and Newtownabbey
N08000132,Rostulla,N10000107,THREE MILE WATER,N09000001,Antrim and Newtownabbey
N08000133,Shilvodan,N10000104,DUNSILLY,N09000001,Antrim and Newtownabbey
N08000134,Springfarm,N10000102,ANTRIM,N09000001,Antrim and Newtownabbey
N08000135,Steeple,N10000102,ANTRIM,N09000001,Antrim and Newtownabbey
N08000136,Stiles,N10000102,ANTRIM,N09000001,Antrim and Newtownabbey
N08000137,Templepatrick,N10000101,AIRPORT,N09000001,Antrim and Newtownabbey
N08000138,Toome,N10000104,DUNSILLY,N09000001,Antrim and Newtownabbey
N08000139,Valley (Antrim and Newtownabbey),N10000106,MACEDON,N09000001,Antrim and Newtownabbey
N08000140,Whitehouse,N10000106,MACEDON,N09000001,Antrim and Newtownabbey
N08000201,Aghagallon,N10000206,LURGAN,N09000002,"Armagh City, Banbridge and Craigavon"
N08000202,Ballybay,N10000207,PORTADOWN,N09000002,"Armagh City, Banbridge and Craigavon"
N08000203,Banbridge East,N10000202,BANBRIDGE,N09000002,"Armagh City, Banbridge and Craigavon"
N08000204,Banbridge North,N10000202,BANBRIDGE,N09000002,"Armagh City, Banbridge and Craigavon"
N08000205,Banbridge South,N10000202,BANBRIDGE,N09000002,"Armagh City, Banbridge and Craigavon"
N08000206,Banbridge West,N10000202,BANBRIDGE,N09000002,"Armagh City, Banbridge and Craigavon"
N08000207,Blackwatertown,N10000201,ARMAGH,N09000002,"Armagh City, Banbridge and Craigavon"
N08000208,Bleary,N10000203,CRAIGAVON,N09000002,"Armagh City, Banbridge and Craigavon"
N08000209,Brownlow,N10000203,CRAIGAVON,N09000002,"Armagh City, Banbridge and Craigavon"
N08000210,"Cathedral (Armagh, Banbridge and Craigavon)",N10000201,ARMAGH,N09000002,"Armagh City, Banbridge and Craigavon"
N08000211,Corcrain,N10000207,PORTADOWN,N09000002,"Armagh City, Banbridge and Craigavon"
N08000212,Craigavon Centre,N10000203,CRAIGAVON,N09000002,"Armagh City, Banbridge and Craigavon"
N08000213,Demesne,N10000201,ARMAGH,N09000002,"Armagh City, Banbridge and Craigavon"
N08000214,Derrytrasna,N10000203,CRAIGAVON,N09000002,"Armagh City, Banbridge and Craigavon"
N08000215,Donaghcloney,N10000205,LAGAN RIVER,N09000002,"Armagh City, Banbridge and Craigavon"
N08000216,"Dromore (Armagh, Banbridge and Craigavon)",N10000205,LAGAN RIVER,N09000002,"Armagh City, Banbridge and Craigavon"
N08000217,Gilford,N10000202,BANBRIDGE,N09000002,"Armagh City, Banbridge and Craigavon"
N08000218,Gransha,N10000205,LAGAN RIVER,N09000002,"Armagh City, Banbridge and Craigavon"
N08000219,Hamiltonsbawn,N10000204,CUSHER,N09000002,"Armagh City, Banbridge and Craigavon"
N08000220,Keady,N10000201,ARMAGH,N09000002,"Armagh City, Banbridge and Craigavon"
N08000221,Kernan,N10000203,CRAIGAVON,N09000002,"Armagh City, Banbridge and Craigavon"
N08000222,Killycomain,N10000207,PORTADOWN,N09000002,"Armagh City, Banbridge and Craigavon"
N08000223,Knocknashane,N10000206,LURGAN,N09000002,"Armagh City, Banbridge and Craigavon"
N08000224,Lough Road,N10000206,LURGAN,N09000002,"Armagh City, Banbridge and Craigavon"
N08000225,Loughbrickland,N10000202,BANBRIDGE,N09000002,"Armagh City, Banbridge and Craigavon"
N08000226,Loughgall,N10000207,PORTADOWN,N09000002,"Armagh City, Banbridge and Craigavon"
N08000227,Magheralin,N10000206,LURGAN,N09000002,"Armagh City, Banbridge and Craigavon"
N08000228,Mahon,N10000207,PORTADOWN,N09000002,"Armagh City, Banbridge and Craigavon"
N08000229,Markethill,N10000204,CUSHER,N09000002,"Armagh City, Banbridge and Craigavon"
N08000230,Mourneview,N10000206,LURGAN,N09000002,"Armagh City, Banbridge and Craigavon"
N08000231,Navan,N10000201,ARMAGH,N09000002,"Armagh City, Banbridge and Craigavon"
N08000232,Parklake,N10000206,LURGAN,N09000002,"Armagh City, Banbridge and Craigavon"
N08000233,Quilly,N10000205,LAGAN RIVER,N09000002,"Armagh City, Banbridge and Craigavon"
N08000234,Rathfriland,N10000202,BANBRIDGE,N09000002,"Armagh City, Banbridge and Craigavon"
N08000235,Richhill,N10000204,CUSHER,N09000002,"Armagh City, Banbridge and Craigavon"
N08000236,Seagahan,N10000204,CUSHER,N09000002,"Armagh City, Banbridge and Craigavon"
N08000237,"Shankill (Armagh, Banbridge and Craigavon)",N10000206,LURGAN,N09000002,"Armagh City, Banbridge and Craigavon"
N08000238,Tandragee,N10000204,CUSHER,N09000002,"Armagh City, Banbridge and Craigavon"
N08000239,The Birches,N10000207,PORTADOWN,N09000002,"Armagh City, Banbridge and Craigavon"
N08000240,The Mall,N10000201,ARMAGH,N09000002,"Armagh City, Banbridge and Craigavon"
N08000241,Waringstown,N10000205,LAGAN RIVER,N09000002,"Armagh City, Banbridge and Craigavon"
N08000301,Andersonstown,N10000302,BLACK MOUNTAIN,N09000003,Belfast
N08000302,Ardoyne,N10000308,OLDPARK,N09000003,Belfast
N08000303,Ballygomartin,N10000306,COURT,N09000003,Belfast
N08000304,Ballymacarrett,N10000310,TITANIC,N09000003,Belfast
N08000305,Ballymurphy,N10000302,BLACK MOUNTAIN,N09000003,Belfast
N08000306,Ballysillan,N10000308,OLDPARK,N09000003,Belfast
N08000307,Beechmount,N10000302,BLACK MOUNTAIN,N09000003,Belfast
N08000308,Beersbridge,N10000310,TITANIC,N09000003,Belfast
N08000309,Bellevue,N10000304,CASTLE,N09000003,Belfast
N08000310,Belmont,N10000309,ORMISTON,N09000003,Belfast
N08000311,Belvoir,N10000301,BALMORAL,N09000003,Belfast
N08000312,Blackstaff,N10000303,BOTANIC,N09000003,Belfast
N08000313,Bloomfield (Belfast),N10000310,TITANIC,N09000003,Belfast
N08000314,Cavehill,N10000304,CASTLE,N09000003,Belfast
N08000315,Central,N10000303,BOTANIC,N09000003,Belfast
N08000316,Chichester Park,N10000304,CASTLE,N09000003,Belfast
N08000317,Cliftonville,N10000308,OLDPARK,N09000003,Belfast
N08000318,Clonard,N10000306,COURT,N09000003,Belfast
N08000319,Collin Glen,N10000302,BLACK MOUNTAIN,N09000003,Belfast
N08000320,Connswater,N10000310,TITANIC,N09000003,Belfast
N08000321,Cregagh,N10000307,LISNASHARRAGH,N09000003,Belfast
N08000322,Duncairn,N10000304,CASTLE,N09000003,Belfast
N08000323,Dunmurry,N10000305,COLLIN,N09000003,Belfast
N08000324,Falls,N10000306,COURT,N09000003,Belfast
N08000325,Falls Park,N10000302,BLACK MOUNTAIN,N09000003,Belfast
N08000326,Finaghy,N10000301,BALMORAL,N09000003,Belfast
N08000327,Forth River,N10000306,COURT,N09000003,Belfast
N08000328,Fortwilliam,N10000304,CASTLE,N09000003,Belfast
N08000329,Garnerville,N10000309,ORMISTON,N09000003,Belfast
N08000330,Gilnahirk,N10000309,ORMISTON,N09000003,Belfast
N08000331,Hillfoot,N10000307,LISNASHARRAGH,N09000003,Belfast
N08000332,Innisfayle,N10000304,CASTLE,N09000003,Belfast
N08000333,Knock,N10000309,ORMISTON,N09000003,Belfast
N08000334,Ladybrook,N10000305,COLLIN,N09000003,Belfast
N08000335,Lagmore,N10000305,COLLIN,N09000003,Belfast
N08000336,Legoniel,N10000308,OLDPARK,N09000003,Belfast
N08000337,Malone,N10000301,BALMORAL,N09000003,Belfast
N08000338,Merok,N10000307,LISNASHARRAGH,N09000003,Belfast
N08000339,Musgrave,N10000301,BALMORAL,N09000003,Belfast
N08000340,New Lodge,N10000308,OLDPARK,N09000003,Belfast
N08000341,Orangefield,N10000307,LISNASHARRAGH,N09000003,Belfast
N08000342,Ormeau,N10000303,BOTANIC,N09000003,Belfast
N08000343,Poleglass,N10000305,COLLIN,N09000003,Belfast
N08000344,Ravenhill,N10000307,LISNASHARRAGH,N09000003,Belfast
N08000345,Rosetta,N10000307,LISNASHARRAGH,N09000003,Belfast
N08000346,Sandown,N10000309,ORMISTON,N09000003,Belfast
N08000347,Shandon,N10000309,ORMISTON,N09000003,Belfast
N08000348,Shankill (Belfast),N10000306,COURT,N09000003,Belfast
N08000349,Shaw's Road,N10000302,BLACK MOUNTAIN,N09000003,Belfast
N08000350,Stewartstown (Belfast),N10000305,COLLIN,N09000003,Belfast
N08000351,Stormont,N10000309,ORMISTON,N09000003,Belfast
N08000352,Stranmillis,N10000303,BOTANIC,N09000003,Belfast
N08000353,Sydenham,N10000310,TITANIC,N09000003,Belfast
N08000354,Turf Lodge,N10000302,BLACK MOUNTAIN,N09000003,Belfast
N08000355,Twinbrook,N10000305,COLLIN,N09000003,Belfast
N08000356,Upper Malone,N10000301,BALMORAL,N09000003,Belfast
N08000357,Water Works,N10000308,OLDPARK,N09000003,Belfast
N08000358,Windsor,N10000303,BOTANIC,N09000003,Belfast
N08000359,Woodstock,N10000310,TITANIC,N09000003,Belfast
N08000360,Woodvale,N10000306,COURT,N09000003,Belfast
N08000401,Aghadowey,N10000402,BANN,N09000004,Causeway Coast and Glens
N08000402,Altahullion,N10000403,BENBRADAGH,N09000004,Causeway Coast and Glens
N08000403,Atlantic,N10000404,CAUSEWAY,N09000004,Causeway Coast and Glens
N08000404,Ballycastle,N10000407,THE GLENS,N09000004,Causeway Coast and Glens
N08000405,Ballykelly,N10000403,BENBRADAGH,N09000004,Causeway Coast and Glens
N08000406,Ballymoney East,N10000401,BALLYMONEY,N09000004,Causeway Coast and Glens
N08000407,Ballymoney North,N10000401,BALLYMONEY,N09000004,Causeway Coast and Glens
N08000408,Ballymoney South,N10000401,BALLYMONEY,N09000004,Causeway Coast and Glens
N08000409,Castlerock,N10000402,BANN,N09000004,Causeway Coast and Glens
N08000410,Churchland,N10000405,COLERAINE,N09000004,Causeway Coast and Glens
N08000411,Clogh Mills,N10000401,BALLYMONEY,N09000004,Causeway Coast and Glens
N08000412,Coolessan,N10000406,LIMAVADY,N09000004,Causeway Coast and Glens
N08000413,Dervock,N10000404,CAUSEWAY,N09000004,Causeway Coast and Glens
N08000414,Drumsurn,N10000406,LIMAVADY,N09000004,Causeway Coast and Glens
N08000415,Dundooan,N10000404,CAUSEWAY,N09000004,Causeway Coast and Glens
N08000416,Dungiven,N10000403,BENBRADAGH,N09000004,Causeway Coast and Glens
N08000417,Dunloy,N10000401,BALLYMONEY,N09000004,Causeway Coast and Glens
N08000418,Feeny,N10000403,BENBRADAGH,N09000004,Causeway Coast and Glens
N08000419,Garvagh,N10000402,BANN,N09000004,Causeway Coast and Glens
N08000420,Giant's Causeway,N10000404,CAUSEWAY,N09000004,Causeway Coast and Glens
N08000421,Greysteel,N10000403,BENBRADAGH,N09000004,Causeway Coast and Glens
N08000422,Greystone (Causeway Coast and Glens),N10000406,LIMAVADY,N09000004,Causeway Coast and Glens
N08000423,Hopefield,N10000404,CAUSEWAY,N09000004,Causeway Coast and Glens
N08000424,Kilrea,N10000402,BANN,N09000004,Causeway Coast and Glens
N08000425,Kinbane,N10000407,THE GLENS,N09000004,Causeway Coast and Glens
N08000426,Loughguile and Stranocum,N10000407,THE GLENS,N09000004,Causeway Coast and Glens
N08000427,Lurigethan,N10000407,THE GLENS,N09000004,Causeway Coast and Glens
N08000428,Macosquin,N10000402,BANN,N09000004,Causeway Coast and Glens
N08000429,Magilligan,N10000406,LIMAVADY,N09000004,Causeway Coast and Glens
N08000430,Mountsandel,N10000405,COLERAINE,N09000004,Causeway Coast and Glens
N08000431,Portrush and Dunluce,N10000404,CAUSEWAY,N09000004,Causeway Coast and Glens
N08000432,Portstewart,N10000404,CAUSEWAY,N09000004,Causeway Coast and Glens
N08000433,Quarry,N10000405,COLERAINE,N09000004,Causeway Coast and Glens
N08000434,Rasharkin,N10000401,BALLYMONEY,N09000004,Causeway Coast and Glens
N08000435,Roeside,N10000406,LIMAVADY,N09000004,Causeway Coast and Glens
N08000436,Route,N10000401,BALLYMONEY,N09000004,Causeway Coast and Glens
N08000437,Torr Head and Rathlin,N10000407,THE GLENS,N09000004,Causeway Coast and Glens
N08000438,University,N10000405,COLERAINE,N09000004,Causeway Coast and Glens
N08000439,Waterside,N10000405,COLERAINE,N09000004,Causeway Coast and Glens
N08000440,Windy Hall,N10000405,COLERAINE,N09000004,Causeway Coast and Glens
N08000501,Artigarvan,N10000505,SPERRIN,N09000005,Derry City and Strabane
N08000502,Ballycolman,N10000505,SPERRIN,N09000005,Derry City and Strabane
N08000503,Ballymagroarty,N10000504,FOYLESIDE,N09000005,Derry City and Strabane
N08000504,Brandywell,N10000506,THE MOOR,N09000005,Derry City and Strabane
N08000505,Carn Hill,N10000501,BALLYARNETT,N09000005,Derry City and Strabane
N08000506,Castlederg,N10000502,DERG,N09000005,Derry City and Strabane
N08000507,Caw,N10000507,WATERSIDE,N09000005,Derry City and Strabane
N08000508,City Walls,N10000506,THE MOOR,N09000005,Derry City and Strabane
N08000509,Claudy,N10000503,FAUGHAN,N09000005,Derry City and Strabane
N08000510,Clondermot,N10000507,WATERSIDE,N09000005,Derry City and Strabane
N08000511,Creggan,N10000506,THE MOOR,N09000005,Derry City and Strabane
N08000512,Creggan South,N10000506,THE MOOR,N09000005,Derry City and Strabane
N08000513,Culmore,N10000501,BALLYARNETT,N09000005,Derry City and Strabane
N08000514,Drumahoe,N10000507,WATERSIDE,N09000005,Derry City and Strabane
N08000515,Dunnamanagh,N10000505,SPERRIN,N09000005,Derry City and Strabane
N08000516,Ebrington,N10000507,WATERSIDE,N09000005,Derry City and Strabane
N08000517,Eglinton,N10000503,FAUGHAN,N09000005,Derry City and Strabane
N08000518,Enagh,N10000503,FAUGHAN,N09000005,Derry City and Strabane
N08000519,Finn,N10000502,DERG,N09000005,Derry City and Strabane
N08000520,Foyle Springs,N10000504,FOYLESIDE,N09000005,Derry City and Strabane
N08000521,Galliagh,N10000501,BALLYARNETT,N09000005,Derry City and Strabane
N08000522,Glenderg,N10000502,DERG,N09000005,Derry City and Strabane
N08000523,Glenelly Valley,N10000505,SPERRIN,N09000005,Derry City and Strabane
N08000524,Kilfennan,N10000507,WATERSIDE,N09000005,Derry City and Strabane
N08000525,Lisnagelvin,N10000507,WATERSIDE,N09000005,Derry City and Strabane
N08000526,Madam's Bank,N10000504,FOYLESIDE,N09000005,Derry City and Strabane
N08000527,New Buildings,N10000503,FAUGHAN,N09000005,Derry City and Strabane
N08000528,Newtownstewart,N10000502,DERG,N09000005,Derry City and Strabane
N08000529,Northland,N10000504,FOYLESIDE,N09000005,Derry City and Strabane
N08000530,Park (Derry and Strabane),N10000505,SPERRIN,N09000005,Derry City and Strabane
N08000531,Shantallow,N10000501,BALLYARNETT,N09000005,Derry City and Strabane
N08000532,Shantallow East,N10000501,BALLYARNETT,N09000005,Derry City and Strabane
N08000533,Sheriff's Mountain,N10000506,THE MOOR,N09000005,Derry City and Strabane
N08000534,Sion Mills,N10000502,DERG,N09000005,Derry City and Strabane
N08000535,Skeoge,N10000501,BALLYARNETT,N09000005,Derry City and Strabane
N08000536,Slievekirk,N10000503,FAUGHAN,N09000005,Derry City and Strabane
N08000537,Springtown,N10000504,FOYLESIDE,N09000005,Derry City and Strabane
N08000538,Strabane North,N10000505,SPERRIN,N09000005,Derry City and Strabane
N08000539,Strabane West,N10000505,SPERRIN,N09000005,Derry City and Strabane
N08000540,Victoria (Derry and Strabane),N10000507,WATERSIDE,N09000005,Derry City and Strabane
N08000601,Ballinamallard,N10000603,ERNE NORTH,N09000006,Fermanagh and Omagh
N08000602,Belcoo and Garrison,N10000604,ERNE WEST,N09000006,Fermanagh and Omagh
N08000603,Belleek and Boa,N10000603,ERNE NORTH,N09000006,Fermanagh and Omagh
N08000604,Beragh,N10000605,MID TYRONE,N09000006,Fermanagh and Omagh
N08000605,"Boho,Cleenish and Letterbreen",N10000604,ERNE WEST,N09000006,Fermanagh and Omagh
N08000606,Brookeborough,N10000602,ERNE EAST,N09000006,Fermanagh and Omagh
N08000607,Camowen,N10000606,OMAGH,N09000006,Fermanagh and Omagh
N08000608,Castlecoole,N10000601,ENNISKILLEN,N09000006,Fermanagh and Omagh
N08000609,Coolnagard,N10000606,OMAGH,N09000006,Fermanagh and Omagh
N08000610,Dergmoney,N10000606,OMAGH,N09000006,Fermanagh and Omagh
N08000611,Derrygonnelly,N10000604,ERNE WEST,N09000006,Fermanagh and Omagh
N08000612,Derrylin,N10000604,ERNE WEST,N09000006,Fermanagh and Omagh
N08000613,Donagh,N10000602,ERNE EAST,N09000006,Fermanagh and Omagh
N08000614,Dromore (Fermanagh and Omagh),N10000607,WEST TYRONE,N09000006,Fermanagh and Omagh
N08000615,Drumnakilly,N10000605,MID TYRONE,N09000006,Fermanagh and Omagh
N08000616,Drumquin,N10000607,WEST TYRONE,N09000006,Fermanagh and Omagh
N08000617,Ederney and Kesh,N10000603,ERNE NORTH,N09000006,Fermanagh and Omagh
N08000618,Erne,N10000601,ENNISKILLEN,N09000006,Fermanagh and Omagh
N08000619,Fairy Water,N10000607,WEST TYRONE,N09000006,Fermanagh and Omagh
N08000620,Fintona,N10000607,WEST TYRONE,N09000006,Fermanagh and Omagh
N08000621,Florence Court and Kinawley,N10000604,ERNE WEST,N09000006,Fermanagh and Omagh
N08000622,Gortin,N10000605,MID TYRONE,N09000006,Fermanagh and Omagh
N08000623,Gortrush,N10000606,OMAGH,N09000006,Fermanagh and Omagh
N08000624,Irvinestown,N10000603,ERNE NORTH,N09000006,Fermanagh and Omagh
N08000625,Killyclogher,N10000606,OMAGH,N09000006,Fermanagh and Omagh
N08000626,Lisbellaw,N10000601,ENNISKILLEN,N09000006,Fermanagh and Omagh
N08000627,Lisnarrick,N10000601,ENNISKILLEN,N09000006,Fermanagh and Omagh
N08000628,Lisnaskea,N10000602,ERNE EAST,N09000006,Fermanagh and Omagh
N08000629,Maguiresbridge,N10000602,ERNE EAST,N09000006,Fermanagh and Omagh
N08000630,Newtownbutler,N10000602,ERNE EAST,N09000006,Fermanagh and Omagh
N08000631,Newtownsaville,N10000607,WEST TYRONE,N09000006,Fermanagh and Omagh
N08000632,Owenkillew,N10000605,MID TYRONE,N09000006,Fermanagh and Omagh
N08000633,Portora,N10000601,ENNISKILLEN,N09000006,Fermanagh and Omagh
N08000634,Rosslea,N10000602,ERNE EAST,N09000006,Fermanagh and Omagh
N08000635,Rossorry,N10000601,ENNISKILLEN,N09000006,Fermanagh and Omagh
N08000636,Sixmilecross,N10000605,MID TYRONE,N09000006,Fermanagh and Omagh
N08000637,Strule,N10000606,OMAGH,N09000006,Fermanagh and Omagh
N08000638,Tempo,N10000603,ERNE NORTH,N09000006,Fermanagh and Omagh
N08000639,Termon,N10000605,MID TYRONE,N09000006,Fermanagh and Omagh
N08000640,Trillick,N10000607,WEST TYRONE,N09000006,Fermanagh and Omagh
N08000701,Ballinderry,N10000705,KILLULTAGH,N09000007,Lisburn and Castlereagh
N08000702,Ballyhanwood,N10000701,CASTLEREAGH EAST,N09000007,Lisburn and Castlereagh
N08000703,Ballymacash,N10000707,LISBURN SOUTH,N09000007,Lisburn and Castlereagh
N08000704,Ballymacbrennan,N10000703,DOWNSHIRE EAST,N09000007,Lisburn and Castlereagh
N08000705,Ballymacoss,N10000707,LISBURN SOUTH,N09000007,Lisburn and Castlereagh
N08000706,Beechill,N10000702,CASTLEREAGH SOUTH,N09000007,Lisburn and Castlereagh
N08000707,Blaris,N10000704,DOWNSHIRE WEST,N09000007,Lisburn and Castlereagh
N08000708,Cairnshill,N10000702,CASTLEREAGH SOUTH,N09000007,Lisburn and Castlereagh
N08000709,Carrowreagh,N10000701,CASTLEREAGH EAST,N09000007,Lisburn and Castlereagh
N08000710,Carryduff East,N10000702,CASTLEREAGH SOUTH,N09000007,Lisburn and Castlereagh
N08000711,Carryduff West,N10000702,CASTLEREAGH SOUTH,N09000007,Lisburn and Castlereagh
N08000712,Derryaghy,N10000706,LISBURN NORTH,N09000007,Lisburn and Castlereagh
N08000713,Dromara,N10000703,DOWNSHIRE EAST,N09000007,Lisburn and Castlereagh
N08000714,Drumbo,N10000703,DOWNSHIRE EAST,N09000007,Lisburn and Castlereagh
N08000715,Dundonald,N10000701,CASTLEREAGH EAST,N09000007,Lisburn and Castlereagh
N08000716,Enler,N10000701,CASTLEREAGH EAST,N09000007,Lisburn and Castlereagh
N08000717,Galwally,N10000702,CASTLEREAGH SOUTH,N09000007,Lisburn and Castlereagh
N08000718,Glenavy,N10000705,KILLULTAGH,N09000007,Lisburn and Castlereagh
N08000719,Graham's Bridge,N10000701,CASTLEREAGH EAST,N09000007,Lisburn and Castlereagh
N08000720,Harmony Hill,N10000706,LISBURN NORTH,N09000007,Lisburn and Castlereagh
N08000721,Hilden,N10000706,LISBURN NORTH,N09000007,Lisburn and Castlereagh
N08000722,Hillhall,N10000703,DOWNSHIRE EAST,N09000007,Lisburn and Castlereagh
N08000723,Hillsborough,N10000704,DOWNSHIRE WEST,N09000007,Lisburn and Castlereagh
N08000724,Knockbracken,N10000702,CASTLEREAGH SOUTH,N09000007,Lisburn and Castlereagh
N08000725,Knockmore,N10000707,LISBURN SOUTH,N09000007,Lisburn and Castlereagh
N08000726,Lagan,N10000704,DOWNSHIRE WEST,N09000007,Lisburn and Castlereagh
N08000727,Lagan Valley,N10000707,LISBURN SOUTH,N09000007,Lisburn and Castlereagh
N08000728,Lambeg,N10000706,LISBURN NORTH,N09000007,Lisburn and Castlereagh
N08000729,Lisnagarvey,N10000707,LISBURN SOUTH,N09000007,Lisburn and Castlereagh
N08000730,Maghaberry,N10000705,KILLULTAGH,N09000007,Lisburn and Castlereagh
N08000731,Magheralave,N10000706,LISBURN NORTH,N09000007,Lisburn and Castlereagh
N08000732,Maze,N10000704,DOWNSHIRE WEST,N09000007,Lisburn and Castlereagh
N08000733,Moira,N10000704,DOWNSHIRE WEST,N09000007,Lisburn and Castlereagh
N08000734,Moneyreagh,N10000701,CASTLEREAGH EAST,N09000007,Lisburn and Castlereagh
N08000735,Newtownbreda,N10000702,CASTLEREAGH SOUTH,N09000007,Lisburn and Castlereagh
N08000736,Old Warren,N10000707,LISBURN SOUTH,N09000007,Lisburn and Castlereagh
N08000737,Ravernet,N10000703,DOWNSHIRE EAST,N09000007,Lisburn and Castlereagh
N08000738,Stonyford,N10000705,KILLULTAGH,N09000007,Lisburn and Castlereagh
N08000739,Wallace Park,N10000706,LISBURN NORTH,N09000007,Lisburn and Castlereagh
N08000740,White Mountain,N10000705,KILLULTAGH,N09000007,Lisburn and Castlereagh
N08000801,Academy,N10000801,BALLYMENA,N09000008,Mid and East Antrim
N08000802,Ahoghill,N10000802,BANNSIDE,N09000008,Mid and East Antrim
N08000803,Ardeevin,N10000801,BALLYMENA,N09000008,Mid and East Antrim
N08000804,Ballee and Harryville,N10000803,BRAID,N09000008,Mid and East Antrim
N08000805,Ballycarry and Glynn,N10000807,LARNE LOUGH,N09000008,Mid and East Antrim
N08000806,Ballykeel,N10000801,BALLYMENA,N09000008,Mid and East Antrim
N08000807,Boneybefore,N10000804,CARRICK CASTLE,N09000008,Mid and East Antrim
N08000808,Braidwater,N10000801,BALLYMENA,N09000008,Mid and East Antrim
N08000809,Broughshane,N10000803,BRAID,N09000008,Mid and East Antrim
N08000810,Burleigh Hill,N10000806,KNOCKAGH,N09000008,Mid and East Antrim
N08000811,Cairncastle,N10000805,COAST ROAD,N09000008,Mid and East Antrim
N08000812,Carnlough and Glenarm,N10000805,COAST ROAD,N09000008,Mid and East Antrim
N08000813,Castle (Mid and East Antrim),N10000804,CARRICK CASTLE,N09000008,Mid and East Antrim
N08000814,Castle Demesne,N10000801,BALLYMENA,N09000008,Mid and East Antrim
N08000815,Craigyhill,N10000805,COAST ROAD,N09000008,Mid and East Antrim
N08000816,Cullybackey,N10000802,BANNSIDE,N09000008,Mid and East Antrim
N08000817,Curran and Inver,N10000807,LARNE LOUGH,N09000008,Mid and East Antrim
N08000818,Fair Green,N10000801,BALLYMENA,N09000008,Mid and East Antrim
N08000819,Galgorm,N10000802,BANNSIDE,N09000008,Mid and East Antrim
N08000820,Gardenmore,N10000805,COAST ROAD,N09000008,Mid and East Antrim
N08000821,Glenravel,N10000803,BRAID,N09000008,Mid and East Antrim
N08000822,Glenwhirry,N10000803,BRAID,N09000008,Mid and East Antrim
N08000823,Gortalee,N10000806,KNOCKAGH,N09000008,Mid and East Antrim
N08000824,Grange,N10000802,BANNSIDE,N09000008,Mid and East Antrim
N08000825,Greenisland,N10000806,KNOCKAGH,N09000008,Mid and East Antrim
N08000826,Islandmagee,N10000807,LARNE LOUGH,N09000008,Mid and East Antrim
N08000827,Kells,N10000803,BRAID,N09000008,Mid and East Antrim
N08000828,Kilroot,N10000804,CARRICK CASTLE,N09000008,Mid and East Antrim
N08000829,Kilwaughter,N10000807,LARNE LOUGH,N09000008,Mid and East Antrim
N08000830,Kirkinriola,N10000803,BRAID,N09000008,Mid and East Antrim
N08000831,Love Lane,N10000804,CARRICK CASTLE,N09000008,Mid and East Antrim
N08000832,Maine,N10000802,BANNSIDE,N09000008,Mid and East Antrim
N08000833,Park (Mid and East Antrim),N10000801,BALLYMENA,N09000008,Mid and East Antrim
N08000834,Portglenone,N10000802,BANNSIDE,N09000008,Mid and East Antrim
N08000835,Slemish,N10000803,BRAID,N09000008,Mid and East Antrim
N08000836,Sunnylands,N10000806,KNOCKAGH,N09000008,Mid and East Antrim
N08000837,The Maidens,N10000805,COAST ROAD,N09000008,Mid and East Antrim
N08000838,Victoria (Mid and East Antrim),N10000804,CARRICK CASTLE,N09000008,Mid and East Antrim
N08000839,Whitehead South,N10000807,LARNE LOUGH,N09000008,Mid and East Antrim
N08000840,Woodburn,N10000806,KNOCKAGH,N09000008,Mid and East Antrim
N08000901,Ardboe,N10000907,TORRENT,N09000009,Mid Ulster
N08000902,Augher and Clogher,N10000902,CLOGHER VALLEY,N09000009,Mid Ulster
N08000903,Aughnacloy,N10000902,CLOGHER VALLEY,N09000009,Mid Ulster
N08000904,Ballygawley,N10000902,CLOGHER VALLEY,N09000009,Mid Ulster
N08000905,Ballymaguigan,N10000906,MOYOLA,N09000009,Mid Ulster
N08000906,Ballysaggart,N10000904,DUNGANNON,N09000009,Mid Ulster
N08000907,Bellaghy,N10000906,MOYOLA,N09000009,Mid Ulster
N08000908,Caledon,N10000902,CLOGHER VALLEY,N09000009,Mid Ulster
N08000909,Castlecaulfield,N10000902,CLOGHER VALLEY,N09000009,Mid Ulster
N08000910,Castledawson,N10000906,MOYOLA,N09000009,Mid Ulster
N08000911,Coagh,N10000903,COOKSTOWN,N09000009,Mid Ulster
N08000912,Coalisland North,N10000907,TORRENT,N09000009,Mid Ulster
N08000913,Coalisland South,N10000907,TORRENT,N09000009,Mid Ulster
N08000914,Cookstown East,N10000903,COOKSTOWN,N09000009,Mid Ulster
N08000915,Cookstown South,N10000903,COOKSTOWN,N09000009,Mid Ulster
N08000916,Cookstown West,N10000903,COOKSTOWN,N09000009,Mid Ulster
N08000917,Coolshinny,N10000905,MAGHERAFELT,N09000009,Mid Ulster
N08000918,Donaghmore,N10000907,TORRENT,N09000009,Mid Ulster
N08000919,Draperstown,N10000906,MOYOLA,N09000009,Mid Ulster
N08000920,Fivemiletown,N10000902,CLOGHER VALLEY,N09000009,Mid Ulster
N08000921,Glebe (Mid Ulster),N10000905,MAGHERAFELT,N09000009,Mid Ulster
N08000922,Killyman,N10000904,DUNGANNON,N09000009,Mid Ulster
N08000923,Killymeal,N10000904,DUNGANNON,N09000009,Mid Ulster
N08000924,Lissan,N10000905,MAGHERAFELT,N09000009,Mid Ulster
N08000925,Loughry,N10000903,COOKSTOWN,N09000009,Mid Ulster
N08000926,Lower Glenshane,N10000901,CARNTOGHER,N09000009,Mid Ulster
N08000927,Maghera,N10000901,CARNTOGHER,N09000009,Mid Ulster
N08000928,Moy,N10000904,DUNGANNON,N09000009,Mid Ulster
N08000929,Moygashel,N10000904,DUNGANNON,N09000009,Mid Ulster
N08000930,Mullaghmore,N10000904,DUNGANNON,N09000009,Mid Ulster
N08000931,Oaklands,N10000903,COOKSTOWN,N09000009,Mid Ulster
N08000932,Pomeroy,N10000903,COOKSTOWN,N09000009,Mid Ulster
N08000933,Stewartstown (Mid Ulster),N10000907,TORRENT,N09000009,Mid Ulster
N08000934,Swatragh,N10000901,CARNTOGHER,N09000009,Mid Ulster
N08000935,Tamlaght O'Crilly,N10000901,CARNTOGHER,N09000009,Mid Ulster
N08000936,The Loup,N10000905,MAGHERAFELT,N09000009,Mid Ulster
N08000937,Tobermore,N10000906,MOYOLA,N09000009,Mid Ulster
N08000938,Town Parks East,N10000905,MAGHERAFELT,N09000009,Mid Ulster
N08000939,Valley (Mid Ulster),N10000901,CARNTOGHER,N09000009,Mid Ulster
N08000940,Washing Bay,N10000907,TORRENT,N09000009,Mid Ulster
N08001001,"Abbey (Newry, Mourne and Down)",N10001003,NEWRY,N09000010,"Newry, Mourne and Down"
N08001002,Annalong,N10001007,THE MOURNES,N09000010,"Newry, Mourne and Down"
N08001003,Ballybot,N10001003,NEWRY,N09000010,"Newry, Mourne and Down"
N08001004,Ballydugan,N10001005,SLIEVE CROOB,N09000010,"Newry, Mourne and Down"
N08001005,Ballynahinch,N10001004,ROWALLANE,N09000010,"Newry, Mourne and Down"
N08001006,Ballyward,N10001005,SLIEVE CROOB,N09000010,"Newry, Mourne and Down"
N08001007,Bessbrook,N10001006,SLIEVE GULLION,N09000010,"Newry, Mourne and Down"
N08001008,Binnian,N10001007,THE MOURNES,N09000010,"Newry, Mourne and Down"
N08001009,Burren,N10001001,CROTLIEVE,N09000010,"Newry, Mourne and Down"
N08001010,Camlough,N10001006,SLIEVE GULLION,N09000010,"Newry, Mourne and Down"
N08001011,Castlewellan,N10001005,SLIEVE CROOB,N09000010,"Newry, Mourne and Down"
N08001012,"Cathedral (Newry, Mourne and Down)",N10001002,DOWNPATRICK,N09000010,"Newry, Mourne and Down"
N08001013,Crossgar and Killyleagh,N10001004,ROWALLANE,N09000010,"Newry, Mourne and Down"
N08001014,Crossmaglen,N10001006,SLIEVE GULLION,N09000010,"Newry, Mourne and Down"
N08001015,Damolly,N10001003,NEWRY,N09000010,"Newry, Mourne and Down"
N08001016,Derryboy,N10001004,ROWALLANE,N09000010,"Newry, Mourne and Down"
N08001017,Derryleckagh,N10001001,CROTLIEVE,N09000010,"Newry, Mourne and Down"
N08001018,Donard,N10001007,THE MOURNES,N09000010,"Newry, Mourne and Down"
N08001019,Drumalane,N10001003,NEWRY,N09000010,"Newry, Mourne and Down"
N08001020,Drumaness,N10001005,SLIEVE CROOB,N09000010,"Newry, Mourne and Down"
N08001021,Dundrum,N10001005,SLIEVE CROOB,N09000010,"Newry, Mourne and Down"
N08001022,Fathom,N10001003,NEWRY,N09000010,"Newry, Mourne and Down"
N08001023,Forkhill,N10001006,SLIEVE GULLION,N09000010,"Newry, Mourne and Down"
N08001024,Hilltown,N10001001,CROTLIEVE,N09000010,"Newry, Mourne and Down"
N08001025,Kilkeel,N10001007,THE MOURNES,N09000010,"Newry, Mourne and Down"
N08001026,Kilmore,N10001004,ROWALLANE,N09000010,"Newry, Mourne and Down"
N08001027,Knocknashinna,N10001002,DOWNPATRICK,N09000010,"Newry, Mourne and Down"
N08001028,Lecale,N10001002,DOWNPATRICK,N09000010,"Newry, Mourne and Down"
N08001029,Lisnacree,N10001007,THE MOURNES,N09000010,"Newry, Mourne and Down"
N08001030,Mayobridge,N10001001,CROTLIEVE,N09000010,"Newry, Mourne and Down"
N08001031,Mullaghbane,N10001006,SLIEVE GULLION,N09000010,"Newry, Mourne and Down"
N08001032,Murlough,N10001007,THE MOURNES,N09000010,"Newry, Mourne and Down"
N08001033,Newtownhamilton,N10001006,SLIEVE GULLION,N09000010,"Newry, Mourne and Down"
N08001034,Quoile,N10001002,DOWNPATRICK,N09000010,"Newry, Mourne and Down"
N08001035,Rostrevor,N10001001,CROTLIEVE,N09000010,"Newry, Mourne and Down"
N08001036,Saintfield,N10001004,ROWALLANE,N09000010,"Newry, Mourne and Down"
N08001037,St. Patrick's,N10001003,NEWRY,N09000010,"Newry, Mourne and Down"
N08001038,Strangford,N10001002,DOWNPATRICK,N09000010,"Newry, Mourne and Down"
N08001039,Tollymore,N10001007,THE MOURNES,N09000010,"Newry, Mourne and Down"
N08001040,Warrenpoint,N10001001,CROTLIEVE,N09000010,"Newry, Mourne and Down"
N08001041,Whitecross,N10001006,SLIEVE GULLION,N09000010,"Newry, Mourne and Down"
N08001101,Ballycrochan,N10001103,BANGOR EAST AND DONAGHADEE,N09000011,Ards and North Down
N08001102,Ballygowan,N10001105,COMBER,N09000011,Ards and North Down
N08001103,Ballygrainey,N10001102,BANGOR CENTRAL,N09000011,Ards and North Down
N08001104,Ballyholme,N10001102,BANGOR CENTRAL,N09000011,Ards and North Down
N08001105,Ballymagee,N10001103,BANGOR EAST AND DONAGHADEE,N09000011,Ards and North Down
N08001106,Ballywalter,N10001101,ARDS PENINSULA,N09000011,Ards and North Down
N08001107,Bloomfield (North Down and Ards),N10001102,BANGOR CENTRAL,N09000011,Ards and North Down
N08001108,Broadway,N10001102,BANGOR CENTRAL,N09000011,Ards and North Down
N08001109,Bryansburn,N10001104,BANGOR WEST,N09000011,Ards and North Down
N08001110,Carrowdore,N10001101,ARDS PENINSULA,N09000011,Ards and North Down
N08001111,Castle (North Down and Ards),N10001102,BANGOR CENTRAL,N09000011,Ards and North Down
N08001112,Clandeboye,N10001106,HOLYWOOD AND CLANDEBOYE,N09000011,Ards and North Down
N08001113,Comber North,N10001105,COMBER,N09000011,Ards and North Down
N08001114,Comber South,N10001105,COMBER,N09000011,Ards and North Down
N08001115,Comber West,N10001105,COMBER,N09000011,Ards and North Down
N08001116,Conway Square,N10001107,NEWTOWNARDS,N09000011,Ards and North Down
N08001117,Cronstown,N10001107,NEWTOWNARDS,N09000011,Ards and North Down
N08001118,Cultra,N10001106,HOLYWOOD AND CLANDEBOYE,N09000011,Ards and North Down
N08001119,Donaghadee,N10001103,BANGOR EAST AND DONAGHADEE,N09000011,Ards and North Down
N08001120,Glen,N10001107,NEWTOWNARDS,N09000011,Ards and North Down
N08001121,Gregstown,N10001107,NEWTOWNARDS,N09000011,Ards and North Down
N08001122,Groomsport,N10001103,BANGOR EAST AND DONAGHADEE,N09000011,Ards and North Down
N08001123,Harbour,N10001102,BANGOR CENTRAL,N09000011,Ards and North Down
N08001124,Helen's Bay,N10001106,HOLYWOOD AND CLANDEBOYE,N09000011,Ards and North Down
N08001125,Holywood,N10001106,HOLYWOOD AND CLANDEBOYE,N09000011,Ards and North Down
N08001126,Kilcooley,N10001104,BANGOR WEST,N09000011,Ards and North Down
N08001127,Killinchy,N10001105,COMBER,N09000011,Ards and North Down
N08001128,Kircubbin,N10001101,ARDS PENINSULA,N09000011,Ards and North Down
N08001129,Loughries,N10001101,ARDS PENINSULA,N09000011,Ards and North Down
N08001130,Loughview,N10001106,HOLYWOOD AND CLANDEBOYE,N09000011,Ards and North Down
N08001131,Movilla,N10001107,NEWTOWNARDS,N09000011,Ards and North Down
N08001132,Portaferry,N10001101,ARDS PENINSULA,N09000011,Ards and North Down
N08001133,Portavogie,N10001101,ARDS PENINSULA,N09000011,Ards and North Down
N08001134,Rathgael,N10001104,BANGOR WEST,N09000011,Ards and North Down
N08001135,Rathmore,N10001104,BANGOR WEST,N09000011,Ards and North Down
N08001136,Scrabo,N10001107,NEWTOWNARDS,N09000011,Ards and North Down
N08001137,Silverbirch,N10001103,BANGOR EAST AND DONAGHADEE,N09000011,Ards and North Down
N08001138,Silverstream,N10001104,BANGOR WEST,N09000011,Ards and North Down
N08001139,Warren,N10001103,BANGOR EAST AND DONAGHADEE,N09000011,Ards and North Down
N08001140,West Winds,N10001107,NEWTOWNARDS,N09000011,Ards and North Down
