year,band,water,sewerage,combined,source_id,page,reviewed
2026-27,A,201.30,233.58,434.88,scottish_water_2026-27,5,no
2026-27,B,234.85,272.51,507.36,scottish_water_2026-27,5,no
2026-27,C,268.40,311.44,579.84,scottish_water_2026-27,5,no
2026-27,D,301.95,350.37,652.32,scottish_water_2026-27,5,no
2026-27,E,369.05,428.23,797.28,scottish_water_2026-27,5,no
2026-27,F,436.15,506.09,942.24,scottish_water_2026-27,5,no
2026-27,G,503.25,583.95,1087.20,scottish_water_2026-27,5,no
2026-27,H,603.90,700.74,1304.64,scottish_water_2026-27,5,no
2025-26,A,185.28,214.98,400.26,scottish_water_2025-26,5,no
2025-26,B,216.16,250.81,466.97,scottish_water_2025-26,5,no
2025-26,C,247.04,286.64,533.68,scottish_water_2025-26,5,no
2025-26,D,277.92,322.47,600.39,scottish_water_2025-26,5,no
2025-26,E,339.68,394.13,733.81,scottish_water_2025-26,5,no
2025-26,F,401.44,465.79,867.23,scottish_water_2025-26,5,no
2025-26,G,463.20,537.45,1000.65,scottish_water_2025-26,5,no
2025-26,H,555.84,644.94,1200.78,scottish_water_2025-26,5,no
