id,label,official_term,desc,pobe_rows,order
schools,Schools and education,Education,"Nursery, primary, secondary and special schools, school meals and community learning",13,1
social_work,Social work and care,Social Work,"Care for older and disabled adults and children's social work, much of it paid to the NHS or to a joint board that runs care together with it",15,2
housing,Housing and homelessness,Non-HRA Housing,"Homelessness and temporary accommodation, housing advice and other housing outside council rents",21,3
running,Running the council,Central Services; Trading Services,"Finance, IT, legal, collecting council tax and other central costs, less any surplus from the council's trading services",20;22,4
safety_regulation,Community safety and regulation,Environmental Services (part),"Environmental health, trading standards, flood defence and coast protection, cemeteries and crematoria",176;177;178;179;180,5
streets,"Streets, waste and transport",Roads & Transport; Road Bridges; Environmental Services (waste),"Bins, recycling and waste disposal, roads, bridges, street lights and support for public transport, after parking income",16;17;185,6
planning,Planning and the local economy,"Building, Planning & Development","Planning, building standards and economic development",19,7
debt_levies,Debt costs and levies,"Financing, investment and other operating income and expenditure","Interest and repayment of borrowing and PPP contracts, and building work paid for from the budget, less interest earned",33,8
parks_culture,"Parks, libraries and leisure",Culture and Related Services,"Parks and open spaces, libraries, museums, sport and culture",14,9
