id,label,official_term,desc,rows,order
schools,Schools and education,Education,"Schools' budgets, additional learning needs, school transport, further education and the youth service",Education,1
adult_care,Care for older and disabled adults,Social services (adults),"Care homes, home care and support for older people and disabled adults",Service strategy - adults social services;Older people (aged 65 and over) including older mentally ill;Adults aged under 65 with a physical disability or sensory impairment;Adults aged under 65 with learning disabilities;Adults aged under 65  with mental health needs;Other adult social services,2
children,Children's services,Children's and families services,"Children in care, family support, safeguarding, youth justice and Flying Start",Children's and families services,3
housing,Housing and homelessness,Council fund housing,"Homelessness and housing advice, Supporting People, and housing benefit paid out, which government grants largely cover. Council homes are a separate account",Council fund housing,4
streets,"Streets, waste and transport",Roads and transport; waste and street cleansing,"Bins, recycling and waste disposal, street cleaning, roads, street lights, public transport and the airport, after parking income",Roads and transport;Street cleansing;Waste collection;Waste disposal;Trade waste;Recycling;Waste minimisation;Climate change costs,5
safety_regulation,Community safety and regulation,Local environmental services (part),"Environmental health, trading standards, community safety, cemeteries, registration, elections and emergency planning",Local environmental services;-Street cleansing;-Waste collection;-Waste disposal;-Trade waste;-Recycling;-Waste minimisation;-Climate change costs,6
parks_culture,"Parks, libraries and leisure","Libraries, culture, heritage, sport and recreation","Parks and open spaces, libraries, sport and culture","Libraries, culture, heritage, sport and recreation",7
planning,Planning and the local economy,"Planning, economic and community development","Planning, building control, economic and community development","Planning, economic and community development",8
running,Running the council,Central administration; local tax collection; other revenue expenditure,"Finance, IT, legal and democracy, collecting council tax, flood defence, coroners, and the precepts it passes on to community councils",Central administration;Local tax collection;Other revenue expenditure,9
debt_levies,Debt costs and levies,Debt financing costs,Interest and repayment of borrowing,Debt financing costs,10
fire_levy,Fire and rescue (levy),Levy to South Wales Fire and Rescue Authority,"The council's contribution to South Wales Fire and Rescue Service. The return leaves it out of the service lines: it is the budget's gross total less those lines",FIRE,11
